industry,country
Transportation,United States
Transportation,United States
Healthcare,United States
Healthcare,United States
Healthcare,United States
Healthcare,United States
Healthcare,United States
Healthcare,India
Healthcare,United States
Healthcare,United States
Healthcare,United States
Transportation,United States
Healthcare,United States
Healthcare,United States
Healthcare,United States
Transportation,United States
Healthcare,United States
Healthcare,India
Transportation,United States
Healthcare,United States
Healthcare,United States
Healthcare,United States
Healthcare,United States
Transportation,United States
Healthcare,United States
Transportation,United States
Healthcare,United States
Transportation,United States
Transportation,India
Healthcare,United States
Healthcare,United States
Healthcare,United States
Healthcare,United States
Healthcare,United States
Healthcare,United States
Healthcare,United States
Healthcare,United States
Healthcare,United States
Healthcare,United States
Healthcare,United States
Healthcare,United States
Healthcare,United States
Healthcare,United States
Healthcare,United States
Healthcare,United States
Healthcare,United States
Healthcare,United States
Healthcare,United States
Healthcare,United States
Transportation,United States
Transportation,United States
Healthcare,United States
Healthcare,United States
Healthcare,United States
Transportation,India
Healthcare,United States
Transportation,United States
Transportation,India
Transportation,United States
Healthcare,United States
Healthcare,United States
Healthcare,United States
Healthcare,United States
Healthcare,United States
Transportation,United States
Healthcare,United States
Healthcare,United States
Transportation,United States
Healthcare,United States
Healthcare,United States
Healthcare,United States
Healthcare,United States
Healthcare,United States
Healthcare,United States
Transportation,United States
Healthcare,United States
Healthcare,United States
Transportation,United States
Healthcare,United States
Healthcare,United States
Transportation,United States
Healthcare,United States
Transportation,India
Transportation,United States
Healthcare,United States
Healthcare,India
Healthcare,United States
Healthcare,United States
Healthcare,United States
Transportation,United States
Transportation,United States
Healthcare,United States
Healthcare,India
Healthcare,United States
Healthcare,India
Transportation,United States
Healthcare,United States
Transportation,United States
Transportation,United States
Healthcare,United States
Healthcare,United States
Healthcare,India
Transportation,India
Healthcare,United States
Transportation,United States
Transportation,United States
Transportation,United States
Healthcare,United States
Healthcare,United States
Healthcare,United States
Healthcare,United States
Healthcare,United States
Transportation,United States
Healthcare,United States
Healthcare,United States
Healthcare,United States
Transportation,United States
Transportation,United States
Transportation,India
Healthcare,United States
Healthcare,United States
Transportation,United States
Healthcare,United States
Healthcare,United States
Transportation,United States
Transportation,United States
Transportation,United States
Transportation,India
Transportation,United States
Healthcare,United States
Transportation,United States
Transportation,United States
Transportation,United States
Transportation,United States
Transportation,India
Transportation,India
Transportation,India
Transportation,United States
Transportation,United States
Transportation,United States
Transportation,United States
Transportation,United States
Healthcare,United States
Healthcare,United States
Transportation,United States
Transportation,United States
Transportation,United States
Transportation,United States
Healthcare,United States
Healthcare,United States
Transportation,United States
Healthcare,United States
Transportation,United States
Healthcare,United States
Healthcare,United States
Transportation,United States
Transportation,United States
Transportation,United States
Transportation,United States
Healthcare,United States
Healthcare,United States
Transportation,United States
Transportation,United States
Healthcare,United States
Transportation,India
Healthcare,United States
Transportation,United States
Healthcare,United States
Transportation,United States
Transportation,United States
Transportation,United States
Transportation,United States
Transportation,United States
Transportation,United States
Transportation,India
Transportation,United States
